{
  "timestamp": "2026-05-10T13:47:01.270Z",
  "endpoint": "/heavy",
  "queries": 6,
  "rsc": {
    "avg": {
      "reqPerSec": 3688.986666666666,
      "latP50": 1.6666666666666667,
      "latP99": 10.333333333333334
    },
    "runs": [
      {
        "name": "rsc-1",
        "requests": {
          "average": 3417.5,
          "mean": 3417.5,
          "stddev": 900.73,
          "min": 1950,
          "max": 4605,
          "total": 34166,
          "p0_001": 1950,
          "p0_01": 1950,
          "p0_1": 1950,
          "p1": 1950,
          "p2_5": 1950,
          "p10": 1950,
          "p25": 2587,
          "p50": 3289,
          "p75": 4255,
          "p90": 4331,
          "p97_5": 4607,
          "p99": 4607,
          "p99_9": 4607,
          "p99_99": 4607,
          "p99_999": 4607,
          "sent": 34176
        },
        "latency": {
          "average": 2.38,
          "mean": 2.38,
          "stddev": 3.81,
          "min": 1,
          "max": 143,
          "p0_001": 0,
          "p0_01": 0,
          "p0_1": 1,
          "p1": 1,
          "p2_5": 1,
          "p10": 1,
          "p25": 1,
          "p50": 2,
          "p75": 3,
          "p90": 4,
          "p97_5": 8,
          "p99": 12,
          "p99_9": 66,
          "p99_99": 125,
          "p99_999": 143,
          "totalCount": 34166
        },
        "throughput": {
          "average": 29851648,
          "mean": 29851648,
          "stddev": 7863332.64,
          "min": 17039100,
          "max": 40238490,
          "total": 298542508,
          "p0_001": 17039359,
          "p0_01": 17039359,
          "p0_1": 17039359,
          "p1": 17039359,
          "p2_5": 17039359,
          "p10": 17039359,
          "p25": 22609919,
          "p50": 28753919,
          "p75": 37158911,
          "p90": 37847039,
          "p97_5": 40239103,
          "p99": 40239103,
          "p99_9": 40239103,
          "p99_99": 40239103,
          "p99_999": 40239103
        }
      },
      {
        "name": "rsc-2",
        "requests": {
          "average": 3541,
          "mean": 3541,
          "stddev": 934.52,
          "min": 1899,
          "max": 4569,
          "total": 35409,
          "p0_001": 1899,
          "p0_01": 1899,
          "p0_1": 1899,
          "p1": 1899,
          "p2_5": 1899,
          "p10": 1899,
          "p25": 2587,
          "p50": 3893,
          "p75": 4303,
          "p90": 4427,
          "p97_5": 4571,
          "p99": 4571,
          "p99_9": 4571,
          "p99_99": 4571,
          "p99_999": 4571,
          "sent": 35419
        },
        "latency": {
          "average": 2.26,
          "mean": 2.26,
          "stddev": 4.11,
          "min": 1,
          "max": 159,
          "p0_001": 0,
          "p0_01": 0,
          "p0_1": 1,
          "p1": 1,
          "p2_5": 1,
          "p10": 1,
          "p25": 1,
          "p50": 2,
          "p75": 2,
          "p90": 4,
          "p97_5": 7,
          "p99": 12,
          "p99_9": 68,
          "p99_99": 104,
          "p99_999": 159,
          "totalCount": 35409
        },
        "throughput": {
          "average": 30939955.2,
          "mean": 30939955.2,
          "stddev": 8167438.81,
          "min": 16593462,
          "max": 39923922,
          "total": 309403842,
          "p0_001": 16596991,
          "p0_01": 16596991,
          "p0_1": 16596991,
          "p1": 16596991,
          "p2_5": 16596991,
          "p10": 16596991,
          "p25": 22609919,
          "p50": 34045951,
          "p75": 37617663,
          "p90": 38666239,
          "p97_5": 39944191,
          "p99": 39944191,
          "p99_9": 39944191,
          "p99_99": 39944191,
          "p99_999": 39944191
        }
      },
      {
        "name": "rsc-3",
        "requests": {
          "average": 4108.46,
          "mean": 4108.46,
          "stddev": 418.28,
          "min": 3437,
          "max": 4572,
          "total": 45184,
          "p0_001": 3437,
          "p0_01": 3437,
          "p0_1": 3437,
          "p1": 3437,
          "p2_5": 3437,
          "p10": 3443,
          "p25": 3481,
          "p50": 4239,
          "p75": 4459,
          "p90": 4471,
          "p97_5": 4575,
          "p99": 4575,
          "p99_9": 4575,
          "p99_99": 4575,
          "p99_999": 4575,
          "sent": 45194
        },
        "latency": {
          "average": 1.87,
          "mean": 1.87,
          "stddev": 2.06,
          "min": 1,
          "max": 102,
          "p0_001": 0,
          "p0_01": 0,
          "p0_1": 1,
          "p1": 1,
          "p2_5": 1,
          "p10": 1,
          "p25": 1,
          "p50": 1,
          "p75": 2,
          "p90": 3,
          "p97_5": 5,
          "p99": 7,
          "p99_9": 23,
          "p99_99": 68,
          "p99_999": 102,
          "totalCount": 45184
        },
        "throughput": {
          "average": 35895109.82,
          "mean": 35895109.82,
          "stddev": 3651325.45,
          "min": 30032506,
          "max": 39950136,
          "total": 394817792,
          "p0_001": 30048255,
          "p0_01": 30048255,
          "p0_1": 30048255,
          "p1": 30048255,
          "p2_5": 30048255,
          "p10": 30081023,
          "p25": 30425087,
          "p50": 37060607,
          "p75": 38961151,
          "p90": 39059455,
          "p97_5": 39976959,
          "p99": 39976959,
          "p99_9": 39976959,
          "p99_99": 39976959,
          "p99_999": 39976959
        }
      }
    ]
  },
  "traditional": {
    "avg": {
      "reqPerSec": 5090.916666666667,
      "latP50": 1,
      "latP99": 7.333333333333333
    },
    "runs": [
      {
        "name": "trad-1",
        "requests": {
          "average": 4104.2,
          "mean": 4104.2,
          "stddev": 1311.23,
          "min": 1863,
          "max": 6055,
          "total": 41036,
          "p0_001": 1863,
          "p0_01": 1863,
          "p0_1": 1863,
          "p1": 1863,
          "p2_5": 1863,
          "p10": 1863,
          "p25": 2811,
          "p50": 4159,
          "p75": 5175,
          "p90": 5555,
          "p97_5": 6055,
          "p99": 6055,
          "p99_9": 6055,
          "p99_99": 6055,
          "p99_999": 6055,
          "sent": 41046
        },
        "latency": {
          "average": 1.98,
          "mean": 1.98,
          "stddev": 4.83,
          "min": 1,
          "max": 167,
          "p0_001": 0,
          "p0_01": 0,
          "p0_1": 0,
          "p1": 1,
          "p2_5": 1,
          "p10": 1,
          "p25": 1,
          "p50": 1,
          "p75": 2,
          "p90": 3,
          "p97_5": 6,
          "p99": 11,
          "p99_9": 80,
          "p99_99": 152,
          "p99_999": 167,
          "totalCount": 41036
        },
        "throughput": {
          "average": 5867212.8,
          "mean": 5867212.8,
          "stddev": 1874488.38,
          "min": 2664090,
          "max": 8658650,
          "total": 58681480,
          "p0_001": 2664447,
          "p0_01": 2664447,
          "p0_1": 2664447,
          "p1": 2664447,
          "p2_5": 2664447,
          "p10": 2664447,
          "p25": 4020223,
          "p50": 5943295,
          "p75": 7397375,
          "p90": 7942143,
          "p97_5": 8658943,
          "p99": 8658943,
          "p99_9": 8658943,
          "p99_99": 8658943,
          "p99_999": 8658943
        }
      },
      {
        "name": "trad-2",
        "requests": {
          "average": 5823.55,
          "mean": 5823.55,
          "stddev": 779.87,
          "min": 3870,
          "max": 6743,
          "total": 64053,
          "p0_001": 3871,
          "p0_01": 3871,
          "p0_1": 3871,
          "p1": 3871,
          "p2_5": 3871,
          "p10": 5103,
          "p25": 5479,
          "p50": 6007,
          "p75": 6419,
          "p90": 6579,
          "p97_5": 6743,
          "p99": 6743,
          "p99_9": 6743,
          "p99_99": 6743,
          "p99_999": 6743,
          "sent": 64063
        },