{
  "timestamp": "2026-05-10T13:39:24.073Z",
  "config": {
    "duration": 10,
    "connections": 10,
    "runs": 3
  },
  "rsc": {
    "average": {
      "reqPerSec": 70.89999999999999,
      "latencyP50": 122.33333333333333,
      "latencyP99": 582
    },
    "runs": [
      {
        "name": "rsc-run-1",
        "requests": {
          "average": 42.3,
          "mean": 42.3,
          "stddev": 16.85,
          "min": 22,
          "max": 85,
          "total": 423,
          "p0_001": 22,
          "p0_01": 22,
          "p0_1": 22,
          "p1": 22,
          "p2_5": 22,
          "p10": 22,
          "p25": 30,
          "p50": 38,
          "p75": 50,
          "p90": 52,
          "p97_5": 85,
          "p99": 85,
          "p99_9": 85,
          "p99_99": 85,
          "p99_999": 85,
          "sent": 433
        },
        "latency": {
          "average": 229.94,
          "mean": 229.94,
          "stddev": 159.45,
          "min": 77,
          "max": 789,
          "p0_001": 77,
          "p0_01": 77,
          "p0_1": 77,
          "p1": 82,
          "p2_5": 89,
          "p10": 106,
          "p25": 128,
          "p50": 182,
          "p75": 237,
          "p90": 523,
          "p97_5": 673,
          "p99": 685,
          "p99_9": 789,
          "p99_99": 789,
          "p99_999": 789,
          "totalCount": 423
        },
        "throughput": {
          "average": 2689280,
          "mean": 2689280,
          "stddev": 1071339.13,
          "min": 1398628,
          "max": 5403790,
          "total": 26891802,
          "p0_001": 1398783,
          "p0_01": 1398783,
          "p0_1": 1398783,
          "p1": 1398783,
          "p2_5": 1398783,
          "p10": 1398783,
          "p25": 1907711,
          "p50": 2416639,
          "p75": 3180543,
          "p90": 3307519,
          "p97_5": 5406719,
          "p99": 5406719,
          "p99_9": 5406719,
          "p99_99": 5406719,
          "p99_999": 5406719
        }
      },
      {
        "name": "rsc-run-2",
        "requests": {
          "average": 85.6,
          "mean": 85.6,
          "stddev": 20.4,
          "min": 47,
          "max": 109,
          "total": 856,
          "p0_001": 47,
          "p0_01": 47,
          "p0_1": 47,
          "p1": 47,
          "p2_5": 47,
          "p10": 47,
          "p25": 66,
          "p50": 88,
          "p75": 102,
          "p90": 106,
          "p97_5": 109,
          "p99": 109,
          "p99_9": 109,
          "p99_99": 109,
          "p99_999": 109,
          "sent": 866
        },
        "latency": {
          "average": 111.48,
          "mean": 111.48,
          "stddev": 46.82,
          "min": 63,
          "max": 443,
          "p0_001": 63,
          "p0_01": 63,
          "p0_1": 63,
          "p1": 68,
          "p2_5": 71,
          "p10": 77,
          "p25": 85,
          "p50": 96,
          "p75": 121,
          "p90": 158,
          "p97_5": 258,
          "p99": 332,
          "p99_9": 443,
          "p99_99": 443,
          "p99_999": 443,
          "totalCount": 856
        },
        "throughput": {
          "average": 5441740.8,
          "mean": 5441740.8,
          "stddev": 1296610.85,
          "min": 2987978,
          "max": 6929566,
          "total": 54419344,
          "p0_001": 2988031,
          "p0_01": 2988031,
          "p0_1": 2988031,
          "p1": 2988031,
          "p2_5": 2988031,
          "p10": 2988031,
          "p25": 4198399,
          "p50": 5595135,
          "p75": 6488063,
          "p90": 6742015,
          "p97_5": 6930431,
          "p99": 6930431,
          "p99_9": 6930431,
          "p99_99": 6930431,
          "p99_999": 6930431
        }
      },
      {
        "name": "rsc-run-3",
        "requests": {
          "average": 84.8,
          "mean": 84.8,
          "stddev": 27.16,
          "min": 36,
          "max": 123,
          "total": 848,
          "p0_001": 36,
          "p0_01": 36,
          "p0_1": 36,
          "p1": 36,
          "p2_5": 36,
          "p10": 36,
          "p25": 76,
          "p50": 85,
          "p75": 102,
          "p90": 111,
          "p97_5": 123,
          "p99": 123,
          "p99_9": 123,
          "p99_99": 123,
          "p99_999": 123,
          "sent": 858
        },
        "latency": {
          "average": 117.52,
          "mean": 117.52,
          "stddev": 92.63,
          "min": 61,
          "max": 790,
          "p0_001": 61,
          "p0_01": 61,
          "p0_1": 61,
          "p1": 65,
          "p2_5": 66,
          "p10": 73,
          "p25": 79,
          "p50": 89,
          "p75": 113,
          "p90": 181,
          "p97_5": 344,
          "p99": 729,
          "p99_9": 790,
          "p99_99": 790,
          "p99_999": 790,
          "totalCount": 848
        },
        "throughput": {
          "average": 5391360,
          "mean": 5391360,
          "stddev": 1726612.44,
          "min": 2288664,
          "max": 7819602,
          "total": 53910752,
          "p0_001": 2289663,
          "p0_01": 2289663,
          "p0_1": 2289663,
          "p1": 2289663,
          "p2_5": 2289663,
          "p10": 2289663,
          "p25": 4833279,
          "p50": 5406719,
          "p75": 6488063,
          "p90": 7057407,
          "p97_5": 7823359,
          "p99": 7823359,
          "p99_9": 7823359,
          "p99_99": 7823359,
          "p99_999": 7823359
        }
      }
    ]
  },
  "traditional": {
    "average": {
      "reqPerSec": 186.19999999999996,
      "latencyP50": 64,
      "latencyP99": 392.6666666666667
    },
    "runs": [
      {
        "name": "trad-run-1",
        "requests": {
          "average": 58.3,
          "mean": 58.3,
          "stddev": 26.7,
          "min": 32,
          "max": 131,
          "total": 583,
          "p0_001": 32,
          "p0_01": 32,
          "p0_1": 32,
          "p1": 32,
          "p2_5": 32,
          "p10": 32,
          "p25": 42,
          "p50": 47,
          "p75": 65,
          "p90": 70,
          "p97_5": 131,
          "p99": 131,
          "p99_9": 131,
          "p99_99": 131,
          "p99_999": 131,
          "sent": 593
        },
        "latency": {
          "average": 171.97,
          "mean": 171.97,
          "stddev": 137.04,
          "min": 22,
          "max": 761,
          "p0_001": 22,
          "p0_01": 22,
          "p0_1": 22,
          "p1": 32,
          "p2_5": 39,
          "p10": 52,
          "p25": 72,
          "p50": 129,
          "p75": 228,
          "p90": 353,
          "p97_5": 575,
          "p99": 672,
          "p99_9": 761,
          "p99_99": 761,
          "p99_999": 761,
          "totalCount": 583
        },
        "throughput": {
          "average": 1591065.6,
          "mean": 1591065.6,
          "stddev": 728340.62,
          "min": 873447,
          "max": 3575671,
          "total": 15913091,
          "p0_001": 873471,
          "p0_01": 873471,
          "p0_1": 873471,
          "p1": 873471,
          "p2_5": 873471,
          "p10": 873471,
          "p25": 1146879,
          "p50": 1283071,
          "p75": 1774591,
          "p90": 1910783,
          "p97_5": 3575807,
          "p99": 3575807,
          "p99_9": 3575807,
          "p99_99": 3575807,
          "p99_999": 3575807
        }
      },
      {
        "name": "trad-run-2",
        "requests": {
          "average": 146.1,
          "mean": 146.1,
          "stddev": 91.51,
          "min": 50,
          "max": 328,
          "total": 1461,
          "p0_001": 50,
          "p0_01": 50,
          "p0_1": 50,
          "p1": 50,
          "p2_5": 50,
          "p10": 50,
          "p25": 71,
          "p50": 105,
          "p75": 247,
          "p90": 258,
          "p97_5": 328,
          "p99": 328,
          "p99_9": 328,
          "p99_99": 328,
          "p99_999": 328,
          "sent": 1471
        },
        "latency": {
          "average": 68,
          "mean": 68,
          "stddev": 71.45,